District,Service_Name,Department,Users_Reported,Satisfaction_Score_(%),Year,Month
Musanze,eTax Portal,Ministry of Health,910,75.45,2022,Unknown
Gasabo,Land Registration Portal,Immigration Department,3822,93.6,2023,December
Rusizi,eTax Portal,Rwanda Revenue Authority,516,82.9,2024,March
Nyagatare,E-Visa Service,Ministry of ICT,4476,75.45,2024,June
Nyagatare,Digital Health Records,Rwanda Revenue Authority,2447,75.45,2023,May
Rubavu,E-Visa Service,Rwanda Revenue Authority,2447,75.45,2022,June
Musanze,eTax Portal,Rwanda Revenue Authority,2447,98.7,2021,August
Burera,Digital Health Records,National Land Authority,2447,54.1,2023,December
Nyarugenge,eTax Portal,Ministry of ICT,2447,84,2021,April
Nyamagabe,Online Business Registration,Ministry of Health,2447,70.9,2021,September
Kicukiro,Digital Health Records,Immigration Department,2447,75.45,2023,August
Gasabo,Digital Health Records,Immigration Department,4893,58.7,2024,June
Nyarugenge,Irembo Services,Ministry of Health,524,86.4,2021,August
Huye,Online Business Registration,National Land Authority,2447,92.3,2021,February
Nyagatare,Digital Health Records,Immigration Department,2447,75.45,2022,August
Nyanza,Land Registration Portal,Rwanda Revenue Authority,2447,75.45,2024,December
Gasabo,eTax Portal,Immigration Department,2447,52,2021,December
Burera,Land Registration Portal,Ministry of ICT,2447,75.7,2022,August
Huye,eTax Portal,Ministry of ICT,2447,71.9,2024,June
Burera,E-Visa Service,Ministry of Health,2447,75.45,2023,February
Nyamagabe,eTax Portal,National Land Authority,1578,75.45,2023,May
Nyagatare,Irembo Services,National Land Authority,3606,89.6,2022,January
Rulindo,E-Visa Service,Immigration Department,696,63.8,2023,January
Rusizi,Digital Health Records,National Land Authority,2938,64.2,2021,December
Gasabo,eTax Portal,National Land Authority,2485,60.5,2024,February
Rwamagana,Irembo Services,Immigration Department,2447,73.3,2021,January
Nyamagabe,Land Registration Portal,Ministry of ICT,2447,86.7,2021,Unknown
Karongi,E-Visa Service,Rwanda Revenue Authority,2447,75.45,2023,June
Rusizi,E-Visa Service,Ministry of Health,2447,95.5,2021,November
Rubavu,Irembo Services,Ministry of ICT,2447,75.45,2023,February
Huye,Land Registration Portal,National Land Authority,2447,98.6,2024,November
Karongi,E-Visa Service,National Land Authority,2447,75.45,2024,June
Musanze,Digital Health Records,Immigration Department,4064,75.45,2021,March
Nyarugenge,eTax Portal,Ministry of Health,2447,54.9,2022,December
Gakenke,Online Business Registration,Rwanda Revenue Authority,2447,75.45,2023,April
Musanze,Land Registration Portal,Immigration Department,2447,75.45,2023,September
Bugesera,eTax Portal,Immigration Department,2447,75.45,2021,March
Bugesera,Online Business Registration,Rwanda Revenue Authority,2447,82.6,2023,September
Rusizi,E-Visa Service,Rwanda Revenue Authority,1550,75.45,2023,March
Kicukiro,Online Business Registration,National Land Authority,2447,92.9,2022,June
Rulindo,Land Registration Portal,Immigration Department,2447,75.45,2022,September
Burera,eTax Portal,Ministry of ICT,4961,75.45,2021,July
Musanze,E-Visa Service,Ministry of ICT,2447,98.5,2022,August
Gakenke,E-Visa Service,Immigration Department,2447,75.45,2021,April
Nyarugenge,E-Visa Service,Rwanda Revenue Authority,2447,75.45,2024,July
Burera,E-Visa Service,Ministry of Health,387,66.5,2021,July
Ngoma,Online Business Registration,Rwanda Revenue Authority,2447,75.45,2024,November
Bugesera,E-Visa Service,Rwanda Revenue Authority,4043,57.3,2021,March
Huye,Irembo Services,Ministry of Health,2447,62.4,2023,March
Nyarugenge,E-Visa Service,Rwanda Revenue Authority,429,97.4,2022,November
Kicukiro,E-Visa Service,Ministry of Health,2112,75.45,2024,November
Nyagatare,Irembo Services,Immigration Department,114,69,2021,July
Ngoma,eTax Portal,Ministry of Health,2447,86.8,2022,July
Nyarugenge,Digital Health Records,Ministry of ICT,2447,76.7,2021,January
Nyagatare,Irembo Services,Ministry of Health,1545,75.45,2022,December
Musanze,Land Registration Portal,Rwanda Revenue Authority,441,72.3,2022,October
Gakenke,eTax Portal,Immigration Department,4564,75.45,2021,April
Rusizi,E-Visa Service,Ministry of Health,4524,75.45,2024,August
Rulindo,Online Business Registration,Rwanda Revenue Authority,3611,75.45,2024,October
Bugesera,Irembo Services,Ministry of Health,3149,56.1,2023,July
Rwamagana,eTax Portal,Immigration Department,2447,96.8,2022,July
Bugesera,eTax Portal,Immigration Department,2447,82,2023,January
Bugesera,E-Visa Service,Ministry of ICT,2447,72.6,2023,December
Huye,Digital Health Records,Immigration Department,4648,54.4,2021,April
Rusizi,Online Business Registration,Rwanda Revenue Authority,2447,75.45,2021,April
Nyarugenge,Online Business Registration,Immigration Department,854,75.45,2021,May
Rwamagana,Online Business Registration,Immigration Department,2447,75.45,2022,February
Burera,Land Registration Portal,Rwanda Revenue Authority,2823,75.45,2021,December
Nyagatare,eTax Portal,Rwanda Revenue Authority,1620,75.45,2021,June
Rwamagana,Land Registration Portal,Immigration Department,2740,98.7,2022,February
Rulindo,Land Registration Portal,Immigration Department,2447,72.7,2022,February
Gakenke,eTax Portal,Ministry of Health,552,76.1,2024,October
Rusizi,Online Business Registration,Immigration Department,4543,75.45,2021,February
Burera,eTax Portal,Ministry of ICT,4538,75.45,2021,December
Nyagatare,Digital Health Records,Ministry of ICT,1534,75.45,2021,Unknown
Karongi,eTax Portal,Ministry of ICT,913,75.45,2024,September
Kicukiro,E-Visa Service,Ministry of ICT,613,75.45,2021,March
Nyagatare,eTax Portal,Immigration Department,2447,59.4,2024,June
Kicukiro,Irembo Services,Ministry of Health,1807,75.45,2023,June
Karongi,Digital Health Records,Rwanda Revenue Authority,1728,61.7,2024,April
Gakenke,Irembo Services,Immigration Department,2447,75.45,2023,August
Rusizi,Online Business Registration,National Land Authority,1772,83.1,2021,February
Nyarugenge,Online Business Registration,Immigration Department,2447,75.45,2023,May
Huye,E-Visa Service,Ministry of ICT,2447,75.45,2024,November
Karongi,E-Visa Service,National Land Authority,1647,75.45,2022,Unknown
Huye,E-Visa Service,Immigration Department,2447,93.2,2023,August
Kayonza,Digital Health Records,Ministry of Health,2447,75.45,2023,September
Gakenke,Land Registration Portal,Ministry of Health,2447,75.45,2021,November
Rulindo,eTax Portal,National Land Authority,2031,83.8,2024,June
Rubavu,Irembo Services,Rwanda Revenue Authority,2447,75.45,2023,October
Rusizi,Digital Health Records,National Land Authority,2447,69.7,2023,July
Rubavu,Irembo Services,Ministry of Health,2447,75.45,2023,October
Nyagatare,eTax Portal,National Land Authority,2447,75.45,2023,July
Burera,Land Registration Portal,Ministry of ICT,2725,80.2,2022,October
Burera,Irembo Services,Ministry of ICT,1332,98.9,2024,February
Rusizi,Digital Health Records,Rwanda Revenue Authority,2447,99.7,2021,June
Nyamagabe,eTax Portal,National Land Authority,2447,89.1,2021,June
Gakenke,E-Visa Service,National Land Authority,3798,64.4,2022,Unknown
Bugesera,E-Visa Service,National Land Authority,2447,93.9,2024,August
Nyagatare,E-Visa Service,National Land Authority,2048,75.45,2023,October
Rubavu,eTax Portal,Rwanda Revenue Authority,2447,75.45,2022,March
Nyanza,Land Registration Portal,Ministry of Health,1545,95.1,2024,Unknown
Kayonza,Digital Health Records,Immigration Department,3813,89.9,2023,November
Nyarugenge,E-Visa Service,Rwanda Revenue Authority,1903,93.4,2022,December
Kicukiro,eTax Portal,Ministry of Health,2447,75.45,2024,February
Musanze,Irembo Services,Ministry of Health,3631,82.5,2021,May
Rubavu,E-Visa Service,Ministry of Health,3507,75.45,2021,October
Rwamagana,Online Business Registration,National Land Authority,1686,80.5,2024,October
Nyamagabe,Digital Health Records,Rwanda Revenue Authority,3049,75.45,2021,February
Nyarugenge,Irembo Services,Ministry of Health,748,77.4,2024,November
Gakenke,Land Registration Portal,Immigration Department,2447,61.9,2023,March
Gakenke,Land Registration Portal,Immigration Department,904,75.45,2024,June
Rulindo,eTax Portal,Ministry of ICT,2447,53.7,2023,February
Nyanza,Land Registration Portal,Ministry of Health,2447,75.45,2022,April
Rusizi,Online Business Registration,Rwanda Revenue Authority,2447,75.45,2024,May
Burera,E-Visa Service,National Land Authority,4981,75,2022,February
Gasabo,Irembo Services,Ministry of ICT,2447,75.45,2021,March
Musanze,E-Visa Service,Ministry of Health,4268,75.45,2023,June
Burera,Digital Health Records,National Land Authority,2447,75.45,2024,December
Rusizi,E-Visa Service,Rwanda Revenue Authority,2377,55.4,2022,March
Karongi,eTax Portal,Rwanda Revenue Authority,2447,69.9,2023,September
Musanze,E-Visa Service,Ministry of ICT,2447,75.45,2023,July
Ngoma,Digital Health Records,Ministry of ICT,1980,75.45,2021,July
Nyamagabe,Irembo Services,Ministry of Health,658,75.45,2021,October
Rwamagana,Online Business Registration,National Land Authority,1197,85.9,2023,March
Rulindo,Irembo Services,Immigration Department,2447,76.1,2023,October
Gasabo,Irembo Services,National Land Authority,2447,59.8,2024,July
Rusizi,eTax Portal,Rwanda Revenue Authority,2861,94.8,2023,July
Nyanza,Digital Health Records,Rwanda Revenue Authority,1419,94.9,2024,March
Rwamagana,Irembo Services,Ministry of Health,2447,82.7,2023,August
Nyanza,Irembo Services,Immigration Department,2961,53,2021,November
Musanze,Online Business Registration,Ministry of Health,1893,74,2024,September
Ngoma,Land Registration Portal,Rwanda Revenue Authority,2447,55.1,2022,December
Nyanza,Online Business Registration,Rwanda Revenue Authority,2447,80.9,2021,November
Huye,Digital Health Records,National Land Authority,4786,64.2,2024,March
Rubavu,Digital Health Records,Immigration Department,2447,75.45,2024,September
Bugesera,eTax Portal,National Land Authority,2447,75.45,2022,March
Rwamagana,E-Visa Service,National Land Authority,673,75.45,2024,August
Burera,E-Visa Service,Ministry of Health,3693,85.8,2023,May
Nyanza,E-Visa Service,National Land Authority,2099,75.45,2022,March
Gasabo,Land Registration Portal,Ministry of ICT,3773,56.1,2021,March
Karongi,Digital Health Records,Ministry of ICT,2447,75.45,2021,June
Kayonza,Land Registration Portal,National Land Authority,4140,59.1,2023,Unknown
Gasabo,E-Visa Service,Immigration Department,2106,59.2,2021,August
Musanze,E-Visa Service,National Land Authority,3220,75.45,2024,October
Bugesera,Online Business Registration,Rwanda Revenue Authority,2305,75.45,2024,January
Ngoma,Digital Health Records,Rwanda Revenue Authority,2447,75.45,2023,Unknown
Nyagatare,E-Visa Service,Immigration Department,3241,75.45,2021,June
Kicukiro,Irembo Services,Ministry of Health,2447,75.45,2021,January
Nyagatare,Digital Health Records,Ministry of ICT,4732,76.3,2023,August
Nyarugenge,Land Registration Portal,Ministry of ICT,2447,97.6,2022,March
Nyarugenge,Digital Health Records,Ministry of Health,2447,81.9,2021,April
Kayonza,eTax Portal,National Land Authority,2447,94.2,2022,Unknown
Nyarugenge,Irembo Services,Immigration Department,148,89.7,2021,July
Burera,E-Visa Service,National Land Authority,2447,75.45,2021,September
Rubavu,eTax Portal,Ministry of Health,2447,75.45,2021,September
Rubavu,Online Business Registration,Immigration Department,2919,75.45,2021,November
Kayonza,Digital Health Records,Ministry of ICT,3841,77.8,2024,August
Burera,Digital Health Records,Ministry of ICT,4117,75.45,2022,July
Rwamagana,Online Business Registration,National Land Authority,4543,75.45,2022,November
Rusizi,eTax Portal,Rwanda Revenue Authority,2447,75.45,2021,August
Nyanza,Irembo Services,Ministry of Health,2447,90.5,2021,July
Nyamagabe,E-Visa Service,Ministry of Health,1268,81.2,2022,December
Huye,eTax Portal,National Land Authority,4785,71.2,2024,Unknown
Burera,Land Registration Portal,Ministry of Health,2447,58.4,2023,August
Huye,E-Visa Service,Ministry of ICT,1004,93.5,2023,August
Ngoma,eTax Portal,National Land Authority,4615,60.8,2022,March
Gakenke,Irembo Services,Ministry of ICT,2447,58.9,2021,February
Bugesera,Digital Health Records,Immigration Department,2447,75.45,2021,October
Rulindo,eTax Portal,Immigration Department,3486,60.3,2024,January
Nyanza,Online Business Registration,Rwanda Revenue Authority,2447,75.45,2023,August
Rulindo,Irembo Services,Ministry of Health,3404,81.6,2024,January
Musanze,Digital Health Records,Immigration Department,275,75.45,2023,April
Nyagatare,Irembo Services,Ministry of Health,4943,63.7,2022,May
Nyagatare,E-Visa Service,Ministry of ICT,1009,84.8,2023,January
Nyarugenge,Online Business Registration,National Land Authority,2447,72.1,2024,May
Karongi,E-Visa Service,Immigration Department,865,85.9,2024,April
Gasabo,E-Visa Service,National Land Authority,2447,75.45,2024,September
Burera,Land Registration Portal,Immigration Department,2447,56.4,2022,May
Nyagatare,Irembo Services,Ministry of Health,2447,75.45,2023,March
Nyagatare,Irembo Services,Immigration Department,2447,78.9,2023,June
Gasabo,eTax Portal,Immigration Department,2447,75.45,2024,August
Nyarugenge,Online Business Registration,Ministry of ICT,2447,54.3,2023,October
Kicukiro,Online Business Registration,Rwanda Revenue Authority,2447,79.8,2021,December
Nyagatare,Land Registration Portal,Ministry of ICT,3470,66.2,2021,June
Nyarugenge,Online Business Registration,National Land Authority,351,67.2,2021,July
Kicukiro,Irembo Services,Ministry of Health,656,53.5,2023,August
Karongi,Land Registration Portal,Ministry of Health,749,75.45,2022,September
Nyarugenge,Online Business Registration,Immigration Department,1189,90,2022,September
Nyanza,Land Registration Portal,Ministry of Health,2350,75.45,2022,February
Nyagatare,Online Business Registration,Rwanda Revenue Authority,3025,75.45,2022,October
Rusizi,Online Business Registration,Rwanda Revenue Authority,2447,75.45,2021,February
Kayonza,eTax Portal,Immigration Department,2447,66.2,2021,May
Huye,Online Business Registration,Immigration Department,2115,75.45,2024,August
Burera,Land Registration Portal,National Land Authority,619,75.45,2023,September
Rubavu,Irembo Services,Immigration Department,2447,68.1,2023,Unknown
Kayonza,eTax Portal,Ministry of ICT,2447,75.45,2022,June
Nyagatare,Online Business Registration,Ministry of ICT,2447,75.45,2021,September
Kayonza,Online Business Registration,Ministry of ICT,2447,75.45,2022,Unknown
Nyamagabe,Land Registration Portal,Rwanda Revenue Authority,2447,98.1,2024,April
Huye,eTax Portal,Ministry of Health,2447,84.5,2023,January
Musanze,Online Business Registration,National Land Authority,2447,75.45,2023,August
Musanze,Irembo Services,Immigration Department,2447,54.8,2022,December
Nyamagabe,E-Visa Service,National Land Authority,2447,75.45,2024,August
Bugesera,Irembo Services,Rwanda Revenue Authority,1891,75.45,2023,September
Nyamagabe,Online Business Registration,Immigration Department,2505,99.1,2024,April
Nyamagabe,Irembo Services,Immigration Department,3000,96.4,2024,July
Rulindo,eTax Portal,Rwanda Revenue Authority,4181,56,2022,February
Kicukiro,Online Business Registration,Ministry of Health,4165,57.6,2021,December
Musanze,Land Registration Portal,Immigration Department,2447,75.45,2022,Unknown
Kicukiro,eTax Portal,Ministry of Health,2447,77,2021,November
Gakenke,Irembo Services,Rwanda Revenue Authority,1021,75.45,2024,Unknown
Karongi,Online Business Registration,National Land Authority,2447,75.45,2021,April
Musanze,eTax Portal,Immigration Department,2447,75.45,2024,May
Nyagatare,Irembo Services,Ministry of Health,2824,75.45,2023,Unknown
Huye,Online Business Registration,Immigration Department,903,75.45,2023,January
Huye,E-Visa Service,Ministry of Health,2447,75.45,2023,August
Burera,Digital Health Records,Immigration Department,2447,55.9,2022,May
Rulindo,Land Registration Portal,Immigration Department,2447,75.45,2022,June
Rubavu,Irembo Services,Immigration Department,2447,75.45,2024,Unknown
Nyamagabe,E-Visa Service,National Land Authority,4983,96.8,2023,Unknown
Rwamagana,Irembo Services,Immigration Department,2541,75.5,2022,February
Rusizi,Digital Health Records,Ministry of Health,2447,69.8,2023,August
Rulindo,Digital Health Records,National Land Authority,2447,75.45,2022,Unknown
Nyagatare,eTax Portal,Ministry of ICT,54,75.8,2021,February
Nyarugenge,Land Registration Portal,Ministry of Health,4919,89.3,2021,July
Rulindo,Land Registration Portal,Ministry of Health,2447,99.6,2023,January
Burera,Irembo Services,Ministry of ICT,4192,75.45,2024,April
Musanze,Digital Health Records,National Land Authority,2447,75.45,2022,April
Kicukiro,Land Registration Portal,Immigration Department,2447,77,2022,February
Burera,Online Business Registration,Ministry of Health,1743,75.45,2021,December
Gasabo,Land Registration Portal,Ministry of ICT,2447,75.45,2021,October
Nyarugenge,Irembo Services,Immigration Department,880,75.45,2024,December
Nyagatare,E-Visa Service,National Land Authority,2447,75.45,2024,June
Rwamagana,E-Visa Service,Ministry of Health,1419,54,2024,Unknown
Nyamagabe,Land Registration Portal,Immigration Department,2447,51.1,2023,December
Kayonza,eTax Portal,Immigration Department,2888,75.45,2021,October
Kayonza,Digital Health Records,Rwanda Revenue Authority,1981,75.45,2023,November
Huye,E-Visa Service,Ministry of ICT,2447,82,2021,July
Gakenke,Irembo Services,Immigration Department,4779,78.8,2021,March
Kicukiro,Irembo Services,National Land Authority,2447,75.45,2022,October
Rwamagana,Digital Health Records,Rwanda Revenue Authority,609,80.3,2021,March
Gakenke,Digital Health Records,Immigration Department,4633,75.45,2021,Unknown
Gasabo,Digital Health Records,Immigration Department,3393,75.45,2023,April
Gakenke,E-Visa Service,National Land Authority,2447,75.1,2021,Unknown
Rusizi,Irembo Services,Rwanda Revenue Authority,1520,91.3,2023,April
Rulindo,Digital Health Records,Rwanda Revenue Authority,2344,75.45,2024,January
Ngoma,E-Visa Service,Ministry of ICT,2447,75.45,2021,January
Nyamagabe,Digital Health Records,Immigration Department,1729,75.45,2021,October
Burera,Irembo Services,Ministry of ICT,2794,75.45,2023,June
Kayonza,Irembo Services,Rwanda Revenue Authority,2447,75.45,2024,September
Rubavu,eTax Portal,Ministry of ICT,3168,79.7,2022,May
Huye,Land Registration Portal,National Land Authority,2447,75.45,2024,October
Ngoma,Online Business Registration,Ministry of Health,3109,63.9,2023,September
Huye,Irembo Services,National Land Authority,2447,82,2024,March
Kicukiro,Online Business Registration,Rwanda Revenue Authority,2529,75.45,2023,June
Burera,eTax Portal,National Land Authority,2447,82.5,2023,December
Kicukiro,Land Registration Portal,Rwanda Revenue Authority,1807,69.3,2022,May
Karongi,E-Visa Service,National Land Authority,2447,75.45,2021,May
Kicukiro,Land Registration Portal,Immigration Department,2447,75.45,2023,October
Kicukiro,Land Registration Portal,Immigration Department,2447,99.7,2023,May
Kayonza,E-Visa Service,National Land Authority,1681,81,2022,Unknown
Nyanza,eTax Portal,Ministry of ICT,1065,99.2,2023,September
Nyanza,Digital Health Records,Rwanda Revenue Authority,2447,58.5,2021,November
Rwamagana,Land Registration Portal,Immigration Department,2447,75.45,2022,Unknown
Kicukiro,Land Registration Portal,Rwanda Revenue Authority,2447,63.3,2021,February
Nyanza,eTax Portal,Immigration Department,2447,75.45,2021,March
Nyarugenge,Digital Health Records,Ministry of Health,2447,75.45,2022,July
Rwamagana,Land Registration Portal,National Land Authority,2447,99.8,2023,February
Nyarugenge,Land Registration Portal,Immigration Department,2447,75.45,2021,July
Nyarugenge,Digital Health Records,National Land Authority,1618,75.45,2021,January
Nyagatare,Irembo Services,Ministry of Health,2788,75.45,2021,May
Gakenke,E-Visa Service,Rwanda Revenue Authority,3963,71.3,2021,Unknown
Musanze,Irembo Services,National Land Authority,4430,89.6,2022,November
Nyagatare,E-Visa Service,Immigration Department,4157,72.5,2022,March
Kicukiro,E-Visa Service,Ministry of Health,2447,67.7,2024,December
Nyarugenge,Land Registration Portal,Immigration Department,2447,75.45,2024,Unknown
Nyamagabe,E-Visa Service,Ministry of Health,2132,58.8,2021,March
Nyanza,Online Business Registration,Ministry of Health,2447,75.45,2023,April
Karongi,Digital Health Records,Immigration Department,825,75.45,2021,March
Rusizi,Digital Health Records,National Land Authority,2447,75.45,2023,December
Huye,Online Business Registration,Rwanda Revenue Authority,467,89.5,2021,June
Karongi,Digital Health Records,Rwanda Revenue Authority,666,75.45,2024,Unknown
Nyagatare,eTax Portal,Ministry of Health,2447,59.5,2024,April
Rusizi,Digital Health Records,Immigration Department,1566,60.8,2023,February
Gakenke,Digital Health Records,Ministry of Health,2447,91.7,2021,Unknown
Rubavu,Digital Health Records,Rwanda Revenue Authority,778,75.45,2023,November
Ngoma,E-Visa Service,Ministry of Health,2447,75.45,2024,July
Rulindo,Irembo Services,Ministry of Health,3515,74.4,2021,August
Karongi,eTax Portal,Rwanda Revenue Authority,2447,63.3,2021,March
Nyarugenge,Digital Health Records,National Land Authority,2836,75.45,2023,October
Gasabo,eTax Portal,Ministry of Health,2447,63.3,2022,November
Rulindo,E-Visa Service,National Land Authority,2447,75.45,2023,May
Musanze,eTax Portal,Ministry of Health,2447,75.45,2024,November
Nyarugenge,eTax Portal,Immigration Department,2447,75.45,2024,July
Burera,Online Business Registration,Ministry of Health,3490,90.5,2024,July
Huye,E-Visa Service,Ministry of Health,2376,75.45,2024,August
Nyanza,Digital Health Records,Ministry of ICT,2964,75.45,2024,February
Rusizi,Irembo Services,Immigration Department,2447,94.6,2022,November
Rubavu,Irembo Services,Immigration Department,2447,75.45,2021,February
Bugesera,Irembo Services,National Land Authority,2447,65.8,2023,January
Nyarugenge,Irembo Services,National Land Authority,4542,75.45,2023,February
Nyagatare,Digital Health Records,Ministry of Health,445,75.45,2024,July
Bugesera,Irembo Services,Rwanda Revenue Authority,4221,75.45,2023,September
Ngoma,E-Visa Service,Ministry of Health,2447,95.1,2024,December
Rwamagana,E-Visa Service,Ministry of ICT,767,91.3,2022,May
Rulindo,eTax Portal,Ministry of Health,2447,83,2022,December
Burera,Online Business Registration,Ministry of ICT,193,72.5,2021,June
Ngoma,Land Registration Portal,Ministry of Health,3190,75.45,2022,August
Nyanza,Irembo Services,National Land Authority,4541,72.5,2022,August
Gasabo,Land Registration Portal,Ministry of Health,2988,75.45,2021,June
Burera,Land Registration Portal,National Land Authority,3686,99.4,2023,October
Ngoma,Land Registration Portal,Rwanda Revenue Authority,1217,84,2024,January
Musanze,eTax Portal,Rwanda Revenue Authority,1112,51.9,2024,Unknown
Rubavu,E-Visa Service,Immigration Department,2447,85.8,2023,February
Rusizi,Irembo Services,Ministry of Health,2447,90.1,2021,Unknown
Musanze,Digital Health Records,Immigration Department,1206,50.6,2023,December
Musanze,eTax Portal,Ministry of Health,782,75.45,2022,February
Burera,E-Visa Service,Rwanda Revenue Authority,2447,75.45,2021,December
Rubavu,Digital Health Records,Ministry of ICT,2447,75.45,2021,August
Rusizi,E-Visa Service,Immigration Department,2447,88.7,2021,November
Ngoma,Irembo Services,Immigration Department,2447,89.2,2024,November
Huye,eTax Portal,Rwanda Revenue Authority,2447,58.7,2023,December
Karongi,Land Registration Portal,Rwanda Revenue Authority,3043,75.45,2021,June
Huye,eTax Portal,Ministry of ICT,2447,75.45,2021,Unknown
Rusizi,eTax Portal,Immigration Department,1590,71.2,2021,February
Nyanza,Irembo Services,Rwanda Revenue Authority,2447,75.45,2023,August
Kayonza,Land Registration Portal,Rwanda Revenue Authority,2447,75.45,2024,September
Rusizi,Land Registration Portal,Ministry of ICT,1438,88.5,2022,July
Kicukiro,Online Business Registration,Ministry of ICT,2447,98.8,2024,April
Nyarugenge,Online Business Registration,National Land Authority,1730,60.3,2021,July
Nyamagabe,E-Visa Service,Ministry of Health,4362,75.45,2024,Unknown
Rusizi,Digital Health Records,National Land Authority,2447,88.7,2024,April
Kicukiro,Online Business Registration,Ministry of ICT,2447,98,2022,August
Gasabo,Irembo Services,Rwanda Revenue Authority,3536,75.45,2023,May
Karongi,eTax Portal,Ministry of ICT,2447,75.45,2023,June
Rubavu,Land Registration Portal,Immigration Department,2264,75.45,2024,Unknown
Rusizi,eTax Portal,Rwanda Revenue Authority,2447,55.7,2024,May
Rwamagana,Irembo Services,National Land Authority,3652,79.1,2023,June
Rulindo,eTax Portal,National Land Authority,3572,75.45,2023,September
Burera,Land Registration Portal,National Land Authority,2447,82.8,2022,October
Nyamagabe,Online Business Registration,Rwanda Revenue Authority,2447,52.2,2021,March
Burera,Digital Health Records,Ministry of Health,2447,96.4,2024,October
Gasabo,Land Registration Portal,Ministry of Health,505,75.45,2023,Unknown
Musanze,Land Registration Portal,Ministry of Health,944,75.45,2024,August
Nyarugenge,Land Registration Portal,Ministry of ICT,2008,75.45,2024,July
Rubavu,E-Visa Service,Ministry of ICT,2447,75.45,2023,June
Burera,E-Visa Service,Immigration Department,4335,75.45,2022,November
Kicukiro,Land Registration Portal,Rwanda Revenue Authority,2447,75.45,2024,February
Bugesera,Irembo Services,Immigration Department,3490,50.6,2022,January
Burera,Land Registration Portal,Ministry of ICT,873,75.45,2023,January
Rubavu,E-Visa Service,Rwanda Revenue Authority,2447,65.8,2021,February
Nyamagabe,E-Visa Service,National Land Authority,3677,92.3,2021,November
Rubavu,eTax Portal,Rwanda Revenue Authority,1902,77.2,2024,February
Kicukiro,Irembo Services,Ministry of ICT,2447,87.8,2023,Unknown
Ngoma,Online Business Registration,National Land Authority,3334,75.45,2022,August
Bugesera,eTax Portal,National Land Authority,2861,86.4,2024,January
Kicukiro,E-Visa Service,Rwanda Revenue Authority,1300,75.45,2023,February
Bugesera,eTax Portal,Ministry of Health,2447,75.45,2023,Unknown
Huye,eTax Portal,Ministry of ICT,1306,87.7,2022,March
Nyagatare,eTax Portal,Ministry of ICT,3536,96.9,2024,August
Musanze,Irembo Services,Ministry of Health,2447,75.45,2023,August
Bugesera,Online Business Registration,Immigration Department,2447,56.6,2023,January
Burera,Online Business Registration,Immigration Department,520,75.45,2023,July
Nyamagabe,Land Registration Portal,Ministry of ICT,2447,60.7,2022,April
Rubavu,E-Visa Service,Ministry of Health,2447,75.45,2024,December
Nyagatare,Digital Health Records,Ministry of Health,2447,86.6,2024,March
Rwamagana,Irembo Services,National Land Authority,717,87.9,2024,November
Rwamagana,Online Business Registration,Immigration Department,2447,75.4,2024,May
Nyamagabe,E-Visa Service,Immigration Department,2447,55.3,2021,March
Gasabo,E-Visa Service,National Land Authority,2447,84.4,2021,Unknown
Rwamagana,Irembo Services,Rwanda Revenue Authority,2447,78.9,2024,May
Karongi,Irembo Services,Immigration Department,2447,88.1,2022,February
Nyamagabe,E-Visa Service,National Land Authority,3825,75.45,2021,November
Nyagatare,Land Registration Portal,Ministry of Health,2447,50.5,2023,June
Rusizi,Online Business Registration,Rwanda Revenue Authority,974,87.1,2021,May
Rwamagana,Digital Health Records,Ministry of ICT,1631,75.45,2023,February
Musanze,Digital Health Records,Ministry of Health,2447,75.45,2024,June
Gakenke,Digital Health Records,Rwanda Revenue Authority,305,90,2021,November
Kicukiro,eTax Portal,National Land Authority,1888,65.5,2022,November
Kayonza,Online Business Registration,Ministry of Health,2447,86.7,2021,March
Nyagatare,eTax Portal,Rwanda Revenue Authority,2447,75.45,2021,January
Huye,eTax Portal,Ministry of ICT,1065,67.8,2021,July
Rulindo,E-Visa Service,Ministry of Health,4519,75.45,2024,November
Bugesera,eTax Portal,Ministry of Health,2447,75.45,2022,May
Ngoma,Land Registration Portal,Immigration Department,2447,75.45,2021,December
Nyagatare,Land Registration Portal,Rwanda Revenue Authority,4208,75.45,2022,December
Nyagatare,Irembo Services,Rwanda Revenue Authority,3975,87.5,2024,June
Gasabo,Irembo Services,Immigration Department,4834,68.4,2023,April
Huye,Online Business Registration,National Land Authority,2447,87.8,2021,July
Gakenke,Online Business Registration,National Land Authority,2202,75.45,2022,November
Karongi,Land Registration Portal,Immigration Department,560,75.45,2022,February
Rusizi,Irembo Services,Ministry of Health,2447,68.4,2024,December
Nyarugenge,E-Visa Service,Ministry of ICT,2447,75.45,2021,February
Rusizi,Irembo Services,National Land Authority,2050,94.3,2023,January
Bugesera,eTax Portal,Ministry of ICT,2447,75.45,2022,April
Nyanza,Digital Health Records,Rwanda Revenue Authority,1510,75.45,2021,August
Gakenke,E-Visa Service,Rwanda Revenue Authority,3686,75.45,2023,February
Burera,Digital Health Records,National Land Authority,2447,75.45,2022,March
Karongi,Digital Health Records,Ministry of Health,4228,59.1,2022,October
Gasabo,Land Registration Portal,Rwanda Revenue Authority,2098,54.6,2023,April
Musanze,Digital Health Records,Ministry of ICT,4830,93.7,2023,September
Rusizi,Digital Health Records,Ministry of Health,4594,75.45,2024,November
Rwamagana,eTax Portal,National Land Authority,2447,75.45,2021,August
Rusizi,Online Business Registration,Rwanda Revenue Authority,2447,75.45,2021,January
Kicukiro,Land Registration Portal,National Land Authority,2447,75.45,2024,January
Musanze,Irembo Services,Ministry of Health,2447,75.45,2022,December
Nyamagabe,eTax Portal,Ministry of Health,2447,75.45,2023,June
Bugesera,Digital Health Records,Ministry of Health,820,91.3,2023,Unknown
Karongi,Irembo Services,Immigration Department,4413,81.8,2023,February
Nyamagabe,eTax Portal,Immigration Department,2447,52.9,2022,Unknown
Nyanza,E-Visa Service,Ministry of ICT,2447,75.45,2023,July
Musanze,E-Visa Service,Ministry of Health,4908,85.4,2023,December
Gakenke,Land Registration Portal,Ministry of Health,4769,91.3,2024,March
Huye,Digital Health Records,Rwanda Revenue Authority,3424,75.45,2022,August
Rusizi,Land Registration Portal,Ministry of ICT,3328,56.1,2021,February
Kicukiro,E-Visa Service,Ministry of ICT,2447,75.45,2024,April
Nyamagabe,eTax Portal,National Land Authority,2172,68.6,2024,July
Gasabo,Irembo Services,Ministry of Health,2447,79.9,2021,February
Nyanza,Online Business Registration,Rwanda Revenue Authority,2447,88.3,2024,December
Burera,Digital Health Records,National Land Authority,2447,96.7,2022,December
Huye,Land Registration Portal,Immigration Department,1408,75.45,2023,February
Bugesera,Irembo Services,Ministry of Health,2532,75.45,2022,February
Nyamagabe,Irembo Services,Ministry of ICT,2447,58.9,2021,June
Nyarugenge,Online Business Registration,Ministry of Health,2447,75.45,2021,June
Karongi,eTax Portal,Ministry of Health,2447,87.4,2024,May
Karongi,Online Business Registration,Immigration Department,4687,75.45,2022,March
Musanze,Online Business Registration,Rwanda Revenue Authority,3227,75.45,2022,July
Ngoma,eTax Portal,Rwanda Revenue Authority,2178,75.45,2021,July
Nyanza,eTax Portal,Rwanda Revenue Authority,2447,58.3,2022,Unknown
Ngoma,eTax Portal,National Land Authority,2447,75.45,2021,July
Nyamagabe,Irembo Services,Rwanda Revenue Authority,2447,75.45,2022,Unknown
Karongi,Irembo Services,National Land Authority,2447,75.9,2022,March
Gakenke,Digital Health Records,Immigration Department,3081,89.1,2022,November
Ngoma,E-Visa Service,Ministry of Health,2447,75.45,2021,November
Burera,Digital Health Records,National Land Authority,2447,61.3,2024,March
Rubavu,Online Business Registration,Immigration Department,3868,92.1,2022,February
Huye,Online Business Registration,National Land Authority,3873,74,2021,September
Nyamagabe,Digital Health Records,Immigration Department,1956,72.9,2021,October
Gakenke,Land Registration Portal,Rwanda Revenue Authority,810,75.45,2022,January
Rwamagana,E-Visa Service,Rwanda Revenue Authority,2447,54,2022,October
Ngoma,Online Business Registration,Immigration Department,2447,95.2,2024,November
Gakenke,Land Registration Portal,Ministry of ICT,2447,71.8,2021,March
Burera,Land Registration Portal,Immigration Department,330,50.4,2021,August
Gasabo,E-Visa Service,National Land Authority,1937,75.45,2023,June
Ngoma,eTax Portal,Immigration Department,716,56.6,2021,December
Ngoma,Irembo Services,Ministry of Health,2447,75.45,2024,April
Huye,Digital Health Records,Ministry of ICT,2447,73.6,2023,November
Nyamagabe,E-Visa Service,Immigration Department,3172,75.45,2023,December
Karongi,Irembo Services,Ministry of ICT,2447,75.45,2023,March
Rulindo,Digital Health Records,Ministry of ICT,2447,63.1,2022,July
Rulindo,Irembo Services,Immigration Department,2447,75.45,2022,October
Rulindo,Digital Health Records,Immigration Department,2447,75.45,2021,November
Huye,Irembo Services,Rwanda Revenue Authority,2447,68.6,2023,August
Nyanza,eTax Portal,Immigration Department,1803,72.5,2024,Unknown
Kayonza,Land Registration Portal,Immigration Department,2346,63.4,2022,April
Rwamagana,Digital Health Records,Rwanda Revenue Authority,2311,75.45,2024,February
Nyarugenge,Land Registration Portal,Rwanda Revenue Authority,4252,75.45,2024,February
Ngoma,Digital Health Records,Ministry of Health,4193,95.3,2022,March
Nyanza,E-Visa Service,Immigration Department,2447,75.45,2022,August
Karongi,E-Visa Service,National Land Authority,2105,70.6,2022,February
Nyarugenge,Digital Health Records,Ministry of ICT,2447,54.3,2022,October
Nyagatare,eTax Portal,Rwanda Revenue Authority,2816,75.45,2023,December
Ngoma,Irembo Services,Immigration Department,2447,75.45,2023,July
Nyagatare,Digital Health Records,National Land Authority,2447,78,2023,June
Huye,Irembo Services,Ministry of ICT,2447,75.45,2023,July
Rubavu,eTax Portal,Immigration Department,2447,75.45,2021,June
Gasabo,Online Business Registration,National Land Authority,2447,81.2,2023,March
Kicukiro,Land Registration Portal,Ministry of ICT,4671,75.45,2022,March
Nyagatare,Digital Health Records,National Land Authority,1696,57.2,2024,April
Kayonza,E-Visa Service,Rwanda Revenue Authority,2847,75.45,2023,May
Nyarugenge,eTax Portal,Immigration Department,1581,66.9,2021,November
Rulindo,Irembo Services,National Land Authority,2447,75.45,2022,February
Nyamagabe,Digital Health Records,National Land Authority,1956,98.4,2024,April
Huye,Irembo Services,Immigration Department,2447,75.45,2024,September
Gakenke,Online Business Registration,Ministry of ICT,763,86,2023,October
Kayonza,Digital Health Records,Immigration Department,2026,62.5,2024,October
Gakenke,Land Registration Portal,National Land Authority,2447,84.2,2023,December
Nyagatare,Digital Health Records,Ministry of Health,4682,76.2,2023,October
Rubavu,Land Registration Portal,Ministry of ICT,2447,75.45,2022,May
Gasabo,Irembo Services,National Land Authority,2447,86.1,2022,March
Musanze,Digital Health Records,Ministry of Health,116,89.6,2021,December
Nyamagabe,eTax Portal,Ministry of ICT,2447,75.45,2022,January
Nyagatare,E-Visa Service,Rwanda Revenue Authority,2447,75.45,2022,Unknown
Rwamagana,eTax Portal,Immigration Department,2447,74.2,2023,Unknown
Nyanza,Online Business Registration,Ministry of ICT,2447,75.45,2022,November
Rulindo,eTax Portal,Ministry of ICT,4057,75.45,2023,May
Kicukiro,Online Business Registration,National Land Authority,2522,75.45,2023,April
Burera,Irembo Services,Ministry of Health,2447,70.6,2022,September
Nyagatare,Land Registration Portal,Ministry of ICT,1811,75.45,2021,October
Musanze,E-Visa Service,Immigration Department,2025,75.45,2021,September
Rulindo,Irembo Services,Ministry of ICT,2447,55.6,2024,April
Rubavu,Land Registration Portal,Ministry of ICT,3862,75.45,2024,December
Rulindo,Land Registration Portal,National Land Authority,1362,89.7,2022,July
Nyanza,Online Business Registration,Ministry of ICT,2759,60.1,2021,May
Burera,eTax Portal,Ministry of Health,2447,75.45,2023,November
Karongi,eTax Portal,National Land Authority,2447,75.45,2024,January
Rulindo,E-Visa Service,Rwanda Revenue Authority,2447,87.7,2023,January
Nyanza,E-Visa Service,Rwanda Revenue Authority,2447,60.2,2024,August
Nyamagabe,Online Business Registration,National Land Authority,3785,75.45,2022,April
Burera,Online Business Registration,Ministry of Health,1210,93.5,2021,August
Rulindo,Irembo Services,National Land Authority,292,75.45,2024,July
Rwamagana,Online Business Registration,National Land Authority,1113,75.45,2021,February
Kayonza,eTax Portal,National Land Authority,2447,75.45,2023,April
Rulindo,Online Business Registration,National Land Authority,2447,75.45,2022,August
Rusizi,Online Business Registration,Ministry of ICT,2447,75.45,2021,November
Nyagatare,Land Registration Portal,Immigration Department,2447,75.45,2022,October
Rusizi,Online Business Registration,Rwanda Revenue Authority,2447,89.9,2021,February
Nyanza,E-Visa Service,Ministry of Health,2447,82.8,2023,September
Kayonza,Irembo Services,Ministry of ICT,2447,69.9,2023,January
Nyagatare,Online Business Registration,Rwanda Revenue Authority,4339,88.8,2022,June
Rusizi,E-Visa Service,Immigration Department,2447,75.45,2023,June
Rulindo,Digital Health Records,National Land Authority,2447,75.45,2024,March
Nyarugenge,Digital Health Records,Immigration Department,2447,67.8,2021,July
Ngoma,Land Registration Portal,Rwanda Revenue Authority,2447,78.9,2023,Unknown
Nyagatare,Land Registration Portal,Rwanda Revenue Authority,2447,65.6,2024,Unknown
Rusizi,Digital Health Records,Ministry of ICT,4704,75.45,2022,October
Karongi,E-Visa Service,Ministry of ICT,2447,75.45,2024,July
Karongi,Land Registration Portal,Ministry of Health,1623,75.45,2022,June
Burera,E-Visa Service,National Land Authority,1967,75.45,2022,September
Nyarugenge,E-Visa Service,Immigration Department,2076,65.8,2021,November
Rubavu,Land Registration Portal,National Land Authority,2447,68.2,2021,March
Rubavu,eTax Portal,Immigration Department,2447,75.45,2024,February
Nyagatare,E-Visa Service,National Land Authority,59,75.45,2021,August
Gakenke,eTax Portal,Rwanda Revenue Authority,2447,75.45,2021,Unknown
Rubavu,Online Business Registration,Rwanda Revenue Authority,2447,75.45,2021,February
Huye,Digital Health Records,National Land Authority,2447,82.7,2024,January
Nyarugenge,Irembo Services,Ministry of Health,370,75.45,2023,October
Nyamagabe,Digital Health Records,Rwanda Revenue Authority,2426,75.45,2021,February
Nyamagabe,Digital Health Records,Ministry of Health,2874,92.8,2021,January
Karongi,E-Visa Service,Rwanda Revenue Authority,2447,75.45,2024,May
Burera,eTax Portal,Ministry of ICT,2088,66,2023,April
Rulindo,eTax Portal,Ministry of ICT,3727,70.9,2021,January
Nyamagabe,Land Registration Portal,National Land Authority,2447,75.45,2022,January
Kicukiro,Irembo Services,Immigration Department,2447,75.45,2024,February
Huye,eTax Portal,Ministry of ICT,2447,75.45,2021,July
Nyamagabe,Land Registration Portal,Rwanda Revenue Authority,2447,71.4,2021,September
Gakenke,Irembo Services,Rwanda Revenue Authority,3580,56.5,2022,May
Gasabo,eTax Portal,Ministry of ICT,2685,78,2022,November
Gakenke,Digital Health Records,Ministry of ICT,1620,75.45,2024,December
Kayonza,Digital Health Records,Immigration Department,2447,75.45,2024,September
Gasabo,Irembo Services,Ministry of ICT,2447,69,2022,March
Bugesera,Irembo Services,National Land Authority,3900,59.4,2024,July
Ngoma,eTax Portal,Immigration Department,2447,75.45,2022,July
Gakenke,eTax Portal,Ministry of ICT,1364,77,2021,December
Nyamagabe,Irembo Services,Rwanda Revenue Authority,2948,88,2022,July
Burera,E-Visa Service,Ministry of ICT,2447,73.6,2022,February
Burera,Irembo Services,National Land Authority,2447,82.6,2023,November
Nyagatare,Land Registration Portal,National Land Authority,650,75.45,2022,September
Kayonza,Land Registration Portal,Rwanda Revenue Authority,1115,75.45,2022,September
Nyagatare,Land Registration Portal,Immigration Department,2447,75.45,2023,October
Rusizi,Digital Health Records,Rwanda Revenue Authority,1913,75.45,2024,March
Nyamagabe,Digital Health Records,Ministry of ICT,2447,75.45,2023,May
Kayonza,Land Registration Portal,Rwanda Revenue Authority,3812,86,2021,February
Gasabo,Land Registration Portal,Immigration Department,4720,57.1,2023,May
Gakenke,E-Visa Service,Ministry of Health,1042,75.45,2021,February
Karongi,Irembo Services,Rwanda Revenue Authority,2242,87.4,2024,September
Gakenke,Digital Health Records,Immigration Department,3104,75.45,2023,April
Rwamagana,Land Registration Portal,Ministry of Health,2447,67.6,2023,February
Rulindo,E-Visa Service,Immigration Department,2447,75.45,2024,March
Rubavu,Online Business Registration,Immigration Department,2201,99,2021,September
Burera,eTax Portal,Ministry of Health,3160,51.6,2023,June
Gasabo,Land Registration Portal,Rwanda Revenue Authority,2447,75.45,2021,July
Gakenke,Digital Health Records,Ministry of Health,2676,75.45,2023,October
Gasabo,Land Registration Portal,Rwanda Revenue Authority,2447,53.5,2022,November
Nyarugenge,Online Business Registration,Immigration Department,2447,75.45,2023,July
Nyamagabe,Irembo Services,Rwanda Revenue Authority,1304,75.45,2024,Unknown
Rubavu,Digital Health Records,National Land Authority,469,75.45,2024,November
Rulindo,Irembo Services,Ministry of Health,2647,75.45,2021,November
Rwamagana,eTax Portal,Ministry of Health,1170,93.3,2023,November
Kicukiro,E-Visa Service,Ministry of ICT,1000,65.3,2021,February
Rusizi,Irembo Services,Immigration Department,2447,53.4,2021,May
Gakenke,Land Registration Portal,Immigration Department,2447,75.45,2022,December
Karongi,E-Visa Service,Rwanda Revenue Authority,4662,75.45,2022,July
Huye,Online Business Registration,National Land Authority,1915,93.6,2024,December
Rulindo,Irembo Services,Immigration Department,2903,75.45,2021,Unknown
Karongi,Online Business Registration,National Land Authority,2447,75.45,2024,April
Karongi,E-Visa Service,Ministry of ICT,2447,75.45,2023,January
Gakenke,Digital Health Records,Ministry of Health,3278,83.5,2021,April
Rusizi,Digital Health Records,National Land Authority,2447,75.45,2021,February
Nyamagabe,Land Registration Portal,Immigration Department,2447,75.45,2023,July
Rusizi,Land Registration Portal,Ministry of Health,144,61.3,2023,February
Nyarugenge,Land Registration Portal,National Land Authority,2447,77.3,2024,August
Kayonza,Online Business Registration,National Land Authority,843,70.6,2024,October
Gasabo,eTax Portal,Rwanda Revenue Authority,2447,75.45,2023,October
Burera,eTax Portal,Ministry of Health,2447,75.45,2024,January
Kicukiro,eTax Portal,National Land Authority,2447,75.45,2023,May
Bugesera,Digital Health Records,Rwanda Revenue Authority,2447,75.45,2021,November
Nyagatare,Digital Health Records,Immigration Department,2447,92.9,2021,December
Nyarugenge,eTax Portal,National Land Authority,2399,98.6,2022,November
Kicukiro,E-Visa Service,Rwanda Revenue Authority,2447,87.7,2021,December
Gasabo,Land Registration Portal,Rwanda Revenue Authority,2447,92,2023,March
Nyagatare,Irembo Services,Ministry of Health,2447,98.1,2024,February
Huye,E-Visa Service,Rwanda Revenue Authority,1034,75.45,2022,January
Gasabo,E-Visa Service,National Land Authority,2447,75.45,2024,December
Rubavu,eTax Portal,Ministry of ICT,2447,75.45,2023,March
Nyagatare,Irembo Services,Immigration Department,2447,75.45,2021,December
Rubavu,eTax Portal,National Land Authority,2985,75.45,2022,January
Kayonza,Irembo Services,National Land Authority,2447,75.45,2023,March
Musanze,Land Registration Portal,Immigration Department,2447,52.3,2022,August
Huye,E-Visa Service,Immigration Department,3499,73.4,2022,June
Rulindo,Digital Health Records,Rwanda Revenue Authority,4196,91.2,2021,September
Rusizi,eTax Portal,National Land Authority,2447,64.9,2023,September
Bugesera,eTax Portal,Rwanda Revenue Authority,2447,86.5,2024,January
Rwamagana,E-Visa Service,Ministry of Health,2447,75.45,2022,Unknown
Musanze,E-Visa Service,Rwanda Revenue Authority,2447,75.45,2022,December
Rwamagana,Land Registration Portal,Ministry of Health,2447,75.45,2024,May
Ngoma,Online Business Registration,Ministry of ICT,1255,75.45,2023,March
Musanze,eTax Portal,National Land Authority,2922,59.3,2022,June
Gasabo,Irembo Services,Ministry of Health,2447,75.45,2022,March
Ngoma,Land Registration Portal,Ministry of ICT,4712,75.45,2022,December
Gakenke,E-Visa Service,Immigration Department,2758,71.5,2023,Unknown
Gakenke,Online Business Registration,Rwanda Revenue Authority,1382,75.45,2023,Unknown
Huye,eTax Portal,Ministry of ICT,2447,78.7,2024,May
Nyarugenge,eTax Portal,Ministry of Health,2447,75.45,2023,December
Nyagatare,E-Visa Service,National Land Authority,2447,75.45,2023,February
Musanze,E-Visa Service,Immigration Department,2447,55.7,2021,August
Ngoma,E-Visa Service,Immigration Department,2447,76.3,2024,January
Musanze,Digital Health Records,Ministry of ICT,435,83.5,2022,June
Kicukiro,Online Business Registration,Ministry of ICT,3331,75.45,2023,Unknown
Bugesera,Land Registration Portal,Rwanda Revenue Authority,467,78.6,2022,July
Burera,E-Visa Service,Immigration Department,2447,75.45,2022,May
Nyamagabe,Irembo Services,Immigration Department,2447,75.45,2021,September
Bugesera,eTax Portal,Rwanda Revenue Authority,4908,73.2,2023,February
Nyarugenge,Land Registration Portal,National Land Authority,2447,75.45,2024,May
Nyanza,Digital Health Records,Rwanda Revenue Authority,4170,75.45,2023,December
Karongi,E-Visa Service,Ministry of Health,4855,80.4,2022,October
Gasabo,eTax Portal,Ministry of Health,4430,72.3,2024,November
Nyamagabe,Online Business Registration,Ministry of ICT,2447,75.45,2023,February
Kayonza,E-Visa Service,Rwanda Revenue Authority,2447,75.45,2022,August
Musanze,E-Visa Service,Rwanda Revenue Authority,3170,75.45,2022,August
Nyamagabe,E-Visa Service,Ministry of ICT,2447,89.3,2021,September
Bugesera,E-Visa Service,National Land Authority,3482,75.45,2021,June
Rulindo,Land Registration Portal,Rwanda Revenue Authority,2447,63.6,2021,January
Rubavu,Irembo Services,Immigration Department,2447,87.2,2022,August
Nyamagabe,E-Visa Service,Rwanda Revenue Authority,2447,75.45,2023,Unknown
Rwamagana,E-Visa Service,National Land Authority,4472,53.5,2021,October
Nyanza,Digital Health Records,Rwanda Revenue Authority,1809,50.1,2023,March
Rusizi,Land Registration Portal,Immigration Department,1039,75.45,2021,June
Burera,eTax Portal,Ministry of Health,2532,95.4,2024,March
Kayonza,Irembo Services,Ministry of Health,1001,63.8,2024,May
Rulindo,eTax Portal,National Land Authority,2447,72.5,2021,January
Nyamagabe,eTax Portal,National Land Authority,2767,75.45,2022,February
Rusizi,Online Business Registration,Immigration Department,3426,75.45,2021,October
Karongi,Online Business Registration,Ministry of Health,2447,75.45,2021,November
Nyagatare,eTax Portal,Ministry of Health,3545,79.5,2022,December
Nyarugenge,Digital Health Records,Ministry of Health,2115,75.45,2024,February
Rusizi,Online Business Registration,Ministry of Health,2447,75.45,2023,April
Rulindo,Online Business Registration,Immigration Department,2447,75.45,2021,December
Nyagatare,Online Business Registration,National Land Authority,996,64.2,2022,September
Rulindo,Online Business Registration,National Land Authority,3385,90.1,2021,January
Gakenke,Irembo Services,Ministry of ICT,4200,75.45,2022,January
Karongi,eTax Portal,National Land Authority,2447,75.45,2023,Unknown
Gasabo,Irembo Services,Ministry of Health,1531,75.45,2023,Unknown
Kayonza,Land Registration Portal,Rwanda Revenue Authority,2447,54.4,2024,January
Karongi,Land Registration Portal,Ministry of Health,3501,90.9,2022,April
Rwamagana,E-Visa Service,Ministry of Health,2447,67.3,2022,January
Kayonza,Land Registration Portal,National Land Authority,2447,78.7,2024,August
Huye,Irembo Services,Ministry of ICT,3512,74.7,2024,June
Bugesera,E-Visa Service,Immigration Department,3129,52.2,2022,July
Rusizi,eTax Portal,Rwanda Revenue Authority,4458,75.45,2024,March
Karongi,Land Registration Portal,Rwanda Revenue Authority,2540,75.45,2023,March
Rusizi,Online Business Registration,Ministry of ICT,2447,75.45,2021,Unknown
Rusizi,Land Registration Portal,Ministry of Health,3360,94.1,2023,January
Burera,Digital Health Records,Immigration Department,3725,75.45,2024,September
Gasabo,Online Business Registration,Immigration Department,2447,83.7,2022,March
Nyanza,Online Business Registration,Immigration Department,2447,91.2,2022,December
Huye,Online Business Registration,National Land Authority,2447,97.7,2023,December
Nyarugenge,E-Visa Service,Ministry of Health,2447,50.1,2022,November
Nyagatare,Land Registration Portal,Rwanda Revenue Authority,2447,75.45,2024,July
Nyamagabe,Online Business Registration,Rwanda Revenue Authority,2447,62.9,2023,April
Kayonza,E-Visa Service,Ministry of Health,4475,75.45,2022,June
Burera,Digital Health Records,Rwanda Revenue Authority,2248,75.45,2021,April
Nyagatare,Irembo Services,National Land Authority,2447,83.3,2021,July
Kayonza,Digital Health Records,Immigration Department,3502,75.45,2024,December
Kayonza,eTax Portal,Rwanda Revenue Authority,2447,54.6,2022,June
Rulindo,E-Visa Service,National Land Authority,2447,75.45,2024,May
Gasabo,E-Visa Service,Immigration Department,1970,75.45,2023,Unknown
Nyarugenge,Online Business Registration,Ministry of Health,2447,54,2021,February
Ngoma,Digital Health Records,Ministry of Health,1459,75.45,2023,October
Nyagatare,Land Registration Portal,National Land Authority,4616,83.4,2022,June
Gakenke,eTax Portal,National Land Authority,2447,82.3,2024,February
Nyagatare,E-Visa Service,National Land Authority,2447,75.45,2024,September
Ngoma,Digital Health Records,Rwanda Revenue Authority,2447,75.1,2024,November
Bugesera,Online Business Registration,Ministry of Health,2447,95.7,2023,January
Kayonza,Land Registration Portal,Rwanda Revenue Authority,2447,57.7,2021,March
Burera,Online Business Registration,Rwanda Revenue Authority,2447,86.2,2023,April
Nyanza,eTax Portal,Immigration Department,2729,87,2023,August
Bugesera,Digital Health Records,National Land Authority,2447,75.45,2022,September
Nyamagabe,Online Business Registration,Rwanda Revenue Authority,2447,75.45,2022,January
Burera,eTax Portal,Immigration Department,3236,75.45,2022,July
Karongi,E-Visa Service,Ministry of ICT,2623,76.6,2021,February
Bugesera,Land Registration Portal,Immigration Department,2447,74.3,2021,August
Rulindo,Digital Health Records,Ministry of ICT,286,70,2022,Unknown
Rusizi,Digital Health Records,Ministry of ICT,3480,56.2,2022,May
Ngoma,eTax Portal,Ministry of ICT,1351,60.8,2021,July
Rusizi,Digital Health Records,Ministry of ICT,2447,86.5,2024,Unknown
Nyagatare,Land Registration Portal,National Land Authority,491,53.4,2021,May
Musanze,Land Registration Portal,Rwanda Revenue Authority,2447,75.45,2021,June
Huye,Digital Health Records,Rwanda Revenue Authority,3848,70.2,2021,February
Karongi,Online Business Registration,Ministry of ICT,2447,63.8,2022,September
Musanze,Online Business Registration,Rwanda Revenue Authority,2225,75.45,2024,August
Burera,Land Registration Portal,Ministry of ICT,2447,75.45,2021,January
Rwamagana,Online Business Registration,Rwanda Revenue Authority,2447,69.2,2022,June
Huye,eTax Portal,Immigration Department,2131,92.9,2023,April
Huye,Irembo Services,National Land Authority,4733,88,2023,May
Kayonza,E-Visa Service,Ministry of Health,391,75.45,2021,October
Rusizi,Digital Health Records,Ministry of ICT,2124,50.6,2023,February
Nyanza,eTax Portal,Immigration Department,695,75.45,2024,May
Ngoma,Land Registration Portal,Immigration Department,2447,75.45,2023,December
Musanze,Irembo Services,National Land Authority,2447,75.45,2023,October
Huye,E-Visa Service,National Land Authority,1758,58.3,2024,April
Ngoma,Land Registration Portal,Ministry of ICT,3019,75.45,2021,August
Nyagatare,Irembo Services,Ministry of ICT,2447,88.1,2021,June
Bugesera,eTax Portal,Immigration Department,2447,57.7,2024,October
Rwamagana,Irembo Services,Immigration Department,2447,75.45,2024,August
Ngoma,Online Business Registration,National Land Authority,1436,81.8,2024,July
Gasabo,eTax Portal,Ministry of ICT,2916,69.3,2023,March
Burera,Digital Health Records,Ministry of ICT,3413,70.5,2024,April
Rubavu,Land Registration Portal,Immigration Department,4939,75.45,2022,December
Rusizi,Online Business Registration,Ministry of Health,198,75.45,2023,September
Kicukiro,Digital Health Records,Immigration Department,2447,75.45,2021,February
Kicukiro,Irembo Services,Ministry of Health,1186,99.4,2021,February
Burera,Online Business Registration,Ministry of ICT,2447,55.3,2021,April
Ngoma,Digital Health Records,Immigration Department,2447,57,2023,March
Rubavu,eTax Portal,National Land Authority,4243,75.45,2022,January
Kayonza,Irembo Services,Rwanda Revenue Authority,2447,75.3,2024,July
Musanze,Digital Health Records,Ministry of ICT,4551,75.45,2024,January
Gasabo,Irembo Services,Ministry of ICT,2447,75.45,2021,April
Ngoma,Digital Health Records,Immigration Department,2447,96.3,2021,September
Kayonza,Land Registration Portal,Rwanda Revenue Authority,2447,75.45,2023,June
Kayonza,eTax Portal,Rwanda Revenue Authority,2447,65.7,2022,November
Rulindo,Online Business Registration,Rwanda Revenue Authority,4510,75.45,2024,Unknown
Karongi,Digital Health Records,Immigration Department,531,75.45,2023,December
Rwamagana,Irembo Services,Immigration Department,2447,75.45,2024,January
Kicukiro,eTax Portal,Ministry of Health,1574,68.7,2021,June
Rusizi,Online Business Registration,Ministry of Health,2393,75.45,2024,January
Kayonza,Irembo Services,Ministry of Health,1290,99.7,2022,June
Musanze,eTax Portal,National Land Authority,2447,99.2,2022,November
Nyarugenge,Irembo Services,Ministry of ICT,4170,75.45,2021,July
Gakenke,E-Visa Service,Ministry of Health,2447,69.5,2022,Unknown
Kayonza,E-Visa Service,National Land Authority,2447,75.45,2022,December
Nyarugenge,eTax Portal,National Land Authority,221,77.1,2023,December
Kicukiro,Online Business Registration,Immigration Department,2447,73.9,2024,May
Rubavu,Online Business Registration,Rwanda Revenue Authority,2372,75.45,2021,February
Rubavu,Irembo Services,Rwanda Revenue Authority,3165,62.3,2021,April
Ngoma,eTax Portal,Ministry of Health,4140,75.45,2021,September
Nyarugenge,Digital Health Records,Ministry of ICT,3054,91.3,2021,April
Nyagatare,E-Visa Service,Ministry of ICT,379,59.7,2021,July
Musanze,Online Business Registration,Ministry of ICT,3944,75.4,2022,August
Burera,E-Visa Service,National Land Authority,2447,75.45,2023,January
Nyamagabe,Digital Health Records,National Land Authority,2447,75.45,2021,March
Nyagatare,Digital Health Records,National Land Authority,2447,75.45,2023,December
Nyanza,Land Registration Portal,Immigration Department,4112,79.1,2023,May
Gakenke,Irembo Services,National Land Authority,3202,72.2,2022,February
Rulindo,Irembo Services,Ministry of ICT,2447,75.45,2021,January
Rulindo,Irembo Services,Ministry of ICT,2447,70.1,2022,April
Ngoma,eTax Portal,Rwanda Revenue Authority,3776,75.45,2021,Unknown
Nyamagabe,Online Business Registration,Ministry of ICT,4043,81.2,2022,September
Ngoma,Online Business Registration,National Land Authority,2447,89.6,2023,July
Kicukiro,Land Registration Portal,National Land Authority,2447,60.1,2021,December
Musanze,E-Visa Service,Ministry of Health,4856,57.4,2024,June
Huye,Land Registration Portal,Immigration Department,2447,75.45,2023,August
Huye,Land Registration Portal,Ministry of ICT,2447,95.3,2024,December
Rusizi,Digital Health Records,Immigration Department,2447,98.2,2023,February
Nyarugenge,Irembo Services,Ministry of ICT,4480,75.45,2022,October
Rwamagana,eTax Portal,Rwanda Revenue Authority,4282,75.45,2021,February
Nyagatare,Online Business Registration,Rwanda Revenue Authority,1571,75.45,2023,September
Rwamagana,eTax Portal,Immigration Department,4872,75.45,2022,March
Burera,Irembo Services,National Land Authority,2447,75.45,2021,November
Nyarugenge,Irembo Services,Ministry of Health,2469,75.45,2021,Unknown
Rwamagana,Online Business Registration,Ministry of ICT,2447,75.45,2023,July
Gasabo,Digital Health Records,Ministry of ICT,2447,57.4,2021,February
Nyamagabe,E-Visa Service,Ministry of Health,664,75.45,2023,October
Rulindo,Land Registration Portal,Immigration Department,2447,75.45,2021,October
Kayonza,Digital Health Records,Immigration Department,2447,74.6,2024,January
Ngoma,Irembo Services,Ministry of ICT,180,75.45,2022,July
Kicukiro,Irembo Services,Rwanda Revenue Authority,2447,75.45,2024,November
Nyagatare,Digital Health Records,Ministry of Health,4328,88.1,2023,March
Ngoma,Land Registration Portal,Ministry of ICT,4509,75.45,2024,April
Ngoma,Land Registration Portal,Rwanda Revenue Authority,4009,75.45,2023,May
Rulindo,Irembo Services,Immigration Department,3637,86.3,2021,May
Nyarugenge,E-Visa Service,Rwanda Revenue Authority,970,75.45,2021,Unknown
Nyagatare,Land Registration Portal,National Land Authority,2819,72.2,2023,June
Rusizi,Land Registration Portal,Ministry of ICT,4161,75.45,2024,February
Huye,Online Business Registration,Ministry of Health,2447,90.3,2021,July
Nyamagabe,E-Visa Service,Rwanda Revenue Authority,3571,60,2022,December
Musanze,Online Business Registration,Immigration Department,2447,53,2021,Unknown
Burera,eTax Portal,Rwanda Revenue Authority,2447,72,2022,December
Nyagatare,Digital Health Records,Immigration Department,4396,75.45,2024,June
Rubavu,Irembo Services,National Land Authority,1854,75.45,2022,June
Rusizi,Land Registration Portal,Immigration Department,3860,62.8,2022,August
Rubavu,eTax Portal,Ministry of Health,2447,75.45,2022,May
Nyarugenge,Online Business Registration,National Land Authority,2447,61,2022,April
Kicukiro,Land Registration Portal,Rwanda Revenue Authority,2082,75.45,2021,February
Rwamagana,Digital Health Records,Ministry of ICT,4463,75.45,2022,April
Ngoma,Online Business Registration,Immigration Department,4893,75.45,2021,March
Ngoma,E-Visa Service,Ministry of Health,2447,75.45,2022,July
Rulindo,E-Visa Service,Ministry of ICT,1821,75.45,2023,January
Musanze,Irembo Services,Ministry of ICT,2447,91,2024,October
Rulindo,Land Registration Portal,National Land Authority,970,75.45,2022,February
Ngoma,eTax Portal,Rwanda Revenue Authority,2447,75.45,2023,March
Gakenke,Irembo Services,Ministry of ICT,4534,50.4,2022,February
Rusizi,Land Registration Portal,Ministry of Health,3810,75.45,2022,March
Nyanza,Land Registration Portal,Immigration Department,2447,91.4,2022,August
Burera,Land Registration Portal,Immigration Department,2447,50.1,2023,August
Kayonza,Land Registration Portal,Immigration Department,2447,86.9,2024,June
Rulindo,Land Registration Portal,National Land Authority,2447,81.6,2023,July
Nyarugenge,Irembo Services,Ministry of Health,4438,75.45,2024,February
Kicukiro,Digital Health Records,Ministry of ICT,481,75.45,2022,September
Nyamagabe,Digital Health Records,Ministry of Health,2682,82.9,2021,June
Karongi,Irembo Services,National Land Authority,2447,94.2,2022,June
Rusizi,E-Visa Service,National Land Authority,2447,75.45,2024,April
Gasabo,Digital Health Records,Rwanda Revenue Authority,1878,75.45,2023,August
Nyarugenge,eTax Portal,Ministry of Health,4118,75.45,2022,May
Nyagatare,eTax Portal,Immigration Department,4855,84.4,2023,August
Gasabo,E-Visa Service,National Land Authority,1513,53.3,2023,May
Rusizi,Irembo Services,National Land Authority,3465,75.45,2023,Unknown
Kicukiro,eTax Portal,Rwanda Revenue Authority,2447,90.4,2022,February
Rwamagana,Irembo Services,Immigration Department,4917,84.9,2023,February
Kayonza,eTax Portal,National Land Authority,934,97.8,2023,March
Nyanza,Online Business Registration,Ministry of ICT,2447,75.45,2022,August
Rulindo,E-Visa Service,Immigration Department,3451,53.8,2023,November
Rusizi,E-Visa Service,Ministry of Health,4371,75.45,2022,May
Rwamagana,E-Visa Service,Rwanda Revenue Authority,2315,75.45,2024,Unknown
Nyamagabe,Irembo Services,Ministry of ICT,2447,75.45,2024,December
Kayonza,Land Registration Portal,Ministry of ICT,3895,70.1,2024,December
Nyarugenge,E-Visa Service,Ministry of Health,2447,75.45,2023,October
Kayonza,eTax Portal,Rwanda Revenue Authority,776,75.45,2021,January
Bugesera,Online Business Registration,National Land Authority,2447,75.45,2021,April
Nyamagabe,Irembo Services,Rwanda Revenue Authority,1963,70.3,2023,Unknown
Karongi,eTax Portal,National Land Authority,1646,51.1,2021,Unknown
Karongi,Land Registration Portal,Ministry of Health,2447,73.8,2022,June
Musanze,eTax Portal,Ministry of Health,2447,75.45,2021,March
Rwamagana,E-Visa Service,Ministry of ICT,2447,98.9,2023,February
Karongi,Online Business Registration,Ministry of ICT,4119,60.7,2023,December
Nyamagabe,E-Visa Service,Ministry of ICT,942,75.45,2022,April
Kayonza,Digital Health Records,Ministry of Health,3210,59.4,2024,June
Ngoma,E-Visa Service,National Land Authority,2447,75.45,2023,July
Gakenke,Digital Health Records,Ministry of Health,2447,75.45,2022,September
Burera,E-Visa Service,Ministry of Health,1340,75.45,2021,January
Kicukiro,Online Business Registration,Ministry of ICT,2447,75.45,2021,November
Rulindo,Online Business Registration,Rwanda Revenue Authority,1268,75.45,2022,May
Nyarugenge,Irembo Services,Ministry of ICT,2447,61.7,2022,May
Karongi,E-Visa Service,Rwanda Revenue Authority,4666,75.45,2023,Unknown
Rusizi,Digital Health Records,National Land Authority,4185,75.45,2021,March
Karongi,Irembo Services,National Land Authority,1468,57.1,2022,January
Musanze,eTax Portal,Immigration Department,2447,75.45,2021,July
Gakenke,Online Business Registration,Immigration Department,2447,75.45,2022,Unknown
Nyanza,Irembo Services,Immigration Department,2447,75.45,2021,August
Gasabo,Online Business Registration,National Land Authority,2447,81.5,2024,September
Burera,Irembo Services,Ministry of ICT,2447,63.6,2023,December
Rulindo,eTax Portal,Ministry of ICT,1761,65.9,2021,September
Nyamagabe,eTax Portal,Ministry of ICT,845,59.5,2024,April
Kicukiro,Land Registration Portal,Ministry of Health,2447,75.45,2021,February
Huye,Digital Health Records,Immigration Department,3161,79.7,2021,August
Nyanza,Land Registration Portal,Ministry of ICT,367,75.45,2024,February
Bugesera,Digital Health Records,Immigration Department,2447,75.45,2021,January
Kayonza,eTax Portal,Immigration Department,2447,62.3,2021,June
Rulindo,Irembo Services,Ministry of Health,3980,75.45,2023,March
Kicukiro,E-Visa Service,National Land Authority,2447,55.1,2024,February
Huye,Online Business Registration,Ministry of ICT,4361,56.5,2024,January
Rusizi,eTax Portal,Ministry of Health,2447,75.45,2022,January
Burera,eTax Portal,National Land Authority,2189,75.45,2021,Unknown
Rubavu,Irembo Services,National Land Authority,1754,94.6,2023,February
Ngoma,E-Visa Service,Ministry of ICT,412,75.45,2021,April
Rulindo,eTax Portal,Immigration Department,2447,75.45,2021,March
Kayonza,eTax Portal,Rwanda Revenue Authority,4501,83.8,2022,April
Musanze,Irembo Services,Immigration Department,2447,75.45,2021,Unknown
Gasabo,eTax Portal,Immigration Department,4845,75.45,2023,July
Nyagatare,Digital Health Records,Rwanda Revenue Authority,2447,75.45,2023,June
Rwamagana,Digital Health Records,National Land Authority,2858,83.8,2022,November
Ngoma,E-Visa Service,Rwanda Revenue Authority,2447,58.3,2021,November
Burera,Digital Health Records,Rwanda Revenue Authority,2769,93.8,2023,November
Gasabo,Digital Health Records,Ministry of Health,2447,75.45,2021,February
Burera,eTax Portal,Ministry of Health,1624,75.45,2021,October
Nyamagabe,Online Business Registration,Ministry of Health,2447,75.45,2021,October
Nyarugenge,Digital Health Records,National Land Authority,2447,75.45,2022,May
Nyagatare,E-Visa Service,Rwanda Revenue Authority,638,75.45,2021,Unknown
Musanze,Digital Health Records,Ministry of ICT,1597,100,2023,February
Rulindo,eTax Portal,Rwanda Revenue Authority,2447,75.45,2021,January
Musanze,Land Registration Portal,National Land Authority,3167,75.45,2023,February
Rubavu,eTax Portal,Ministry of Health,1186,71.6,2021,April
Kayonza,Irembo Services,National Land Authority,2447,75.45,2023,November
Ngoma,E-Visa Service,Ministry of Health,2447,75.45,2023,August
Nyanza,Digital Health Records,National Land Authority,2447,50.1,2021,August
Rusizi,Irembo Services,Ministry of ICT,2447,75.45,2021,March
Nyamagabe,Digital Health Records,Ministry of Health,2447,75.45,2023,February
Kayonza,Land Registration Portal,Ministry of Health,2447,75.45,2024,Unknown
Kayonza,Online Business Registration,Rwanda Revenue Authority,2447,75.45,2022,Unknown
Nyagatare,Land Registration Portal,National Land Authority,621,75.45,2024,June
Rulindo,eTax Portal,Immigration Department,1295,75.45,2024,June
Burera,eTax Portal,Immigration Department,2447,83.9,2021,February
Rubavu,Irembo Services,Rwanda Revenue Authority,2447,51.8,2022,January
Gakenke,Irembo Services,National Land Authority,2447,56.8,2024,August
Huye,eTax Portal,Ministry of ICT,2447,56.3,2021,January
Nyanza,E-Visa Service,Rwanda Revenue Authority,2447,75.45,2024,March
Rubavu,eTax Portal,Ministry of Health,967,75.45,2024,October
Nyarugenge,eTax Portal,Ministry of ICT,935,75.45,2021,July
Rusizi,Digital Health Records,National Land Authority,2447,79,2021,Unknown
Nyamagabe,Land Registration Portal,Ministry of Health,3241,64.4,2021,December
Karongi,E-Visa Service,Immigration Department,2447,83.3,2022,July
Nyanza,Digital Health Records,National Land Authority,4849,75.45,2024,August
Rusizi,Online Business Registration,Ministry of Health,2447,77.2,2021,January
Gasabo,E-Visa Service,National Land Authority,3797,75.45,2023,July
Ngoma,Digital Health Records,Ministry of Health,2447,75.45,2024,November
Ngoma,eTax Portal,National Land Authority,78,75.45,2023,July
Kayonza,Digital Health Records,Immigration Department,2447,75.45,2022,March
Rubavu,Irembo Services,Rwanda Revenue Authority,4049,70.7,2021,June
Rulindo,E-Visa Service,Ministry of Health,2447,75.45,2023,April
Burera,eTax Portal,Ministry of Health,2447,75.45,2022,March
Kayonza,Land Registration Portal,Immigration Department,2447,63.3,2021,May
Bugesera,Digital Health Records,Rwanda Revenue Authority,2447,75.45,2023,May
Karongi,eTax Portal,National Land Authority,88,75.45,2023,August
Burera,E-Visa Service,Ministry of Health,936,75.45,2022,March
Burera,Irembo Services,Rwanda Revenue Authority,2254,75.45,2021,January
Gakenke,Irembo Services,National Land Authority,2447,75.45,2021,October
Rulindo,E-Visa Service,Ministry of Health,2447,75.45,2023,October
Karongi,E-Visa Service,Ministry of Health,3580,56.3,2023,October
Huye,Digital Health Records,National Land Authority,3828,53.8,2023,April
Nyagatare,eTax Portal,Immigration Department,2447,75.45,2021,November
Gakenke,Land Registration Portal,Rwanda Revenue Authority,2447,59.1,2022,May
Nyagatare,E-Visa Service,Ministry of Health,1038,50.9,2022,August
Nyamagabe,E-Visa Service,National Land Authority,2447,67.1,2021,July
Kicukiro,Online Business Registration,Ministry of Health,1732,75.45,2024,September
Karongi,Irembo Services,National Land Authority,2447,75.45,2022,August
Kayonza,Online Business Registration,Ministry of Health,983,50.1,2023,January
Gakenke,Land Registration Portal,Ministry of ICT,3283,83.2,2024,February
Gakenke,E-Visa Service,Immigration Department,1905,98.7,2024,May
Rubavu,Digital Health Records,Rwanda Revenue Authority,2447,75.45,2022,July
Kayonza,Irembo Services,Immigration Department,1859,94.9,2024,March
Kicukiro,Online Business Registration,Immigration Department,2305,75.45,2024,July
Rubavu,Irembo Services,Rwanda Revenue Authority,2447,75.45,2022,April
Nyanza,Online Business Registration,Immigration Department,1034,75.45,2022,November
Karongi,E-Visa Service,Ministry of ICT,3726,53.3,2024,June
Musanze,eTax Portal,National Land Authority,569,75.45,2023,September
Rulindo,eTax Portal,Rwanda Revenue Authority,2447,74.2,2021,April
Musanze,Digital Health Records,National Land Authority,2447,75.45,2024,November
Nyanza,Land Registration Portal,Ministry of Health,2447,75.45,2024,August
Rulindo,Irembo Services,Ministry of ICT,2447,99.5,2023,September
Gasabo,Land Registration Portal,National Land Authority,2447,75.45,2024,March
Rubavu,Online Business Registration,National Land Authority,2447,82.5,2024,January
Nyamagabe,E-Visa Service,Rwanda Revenue Authority,576,75.45,2021,July
Rubavu,Digital Health Records,Ministry of Health,2303,88.8,2021,February
Nyarugenge,eTax Portal,Rwanda Revenue Authority,2447,75.45,2021,December
Kayonza,eTax Portal,Ministry of Health,2447,81,2022,June
Rusizi,Digital Health Records,Rwanda Revenue Authority,2447,75.45,2022,August
Karongi,Irembo Services,National Land Authority,2447,65.8,2021,September
Gakenke,Land Registration Portal,National Land Authority,2447,57.3,2021,Unknown
Nyarugenge,Online Business Registration,Ministry of ICT,633,75.45,2022,August
Karongi,Land Registration Portal,National Land Authority,3838,75.45,2023,June
Burera,eTax Portal,Immigration Department,4217,82.1,2024,October
Gakenke,Digital Health Records,National Land Authority,2447,75.45,2024,September
Karongi,eTax Portal,Immigration Department,2447,75.45,2021,June
Kayonza,E-Visa Service,National Land Authority,3616,73.5,2023,July
Burera,eTax Portal,Immigration Department,2447,75.45,2022,May
Kicukiro,Online Business Registration,Immigration Department,778,53.1,2021,March
Nyarugenge,Irembo Services,National Land Authority,2447,75.45,2023,January
Nyagatare,Irembo Services,Immigration Department,2447,81.5,2023,June
Ngoma,E-Visa Service,Ministry of ICT,2447,52.2,2023,October
Nyagatare,Online Business Registration,Ministry of Health,2447,97.9,2022,April
Nyarugenge,Digital Health Records,Immigration Department,1626,75.45,2022,January
Nyamagabe,Land Registration Portal,Immigration Department,2447,75,2024,April
Musanze,Digital Health Records,Ministry of ICT,2447,75.45,2024,August
Musanze,Land Registration Portal,Ministry of ICT,2447,75.45,2023,May
Rulindo,Irembo Services,Rwanda Revenue Authority,2447,75.45,2023,January
Rwamagana,eTax Portal,Ministry of Health,2447,77.3,2022,February
Ngoma,eTax Portal,Rwanda Revenue Authority,51,72.9,2024,August
Gasabo,E-Visa Service,Immigration Department,2898,58.3,2023,September
Kicukiro,Digital Health Records,Ministry of ICT,2447,74.1,2024,June
Karongi,Online Business Registration,Immigration Department,967,52.5,2024,June
Kicukiro,Land Registration Portal,National Land Authority,2447,56.8,2023,October
Ngoma,eTax Portal,Ministry of Health,2447,89.7,2022,April
Bugesera,E-Visa Service,National Land Authority,2447,75.45,2023,March
Bugesera,Digital Health Records,Ministry of ICT,2447,75.45,2023,February
Nyamagabe,Online Business Registration,Ministry of ICT,155,75.45,2024,April
Rubavu,Irembo Services,Ministry of ICT,477,75.45,2023,November
Nyagatare,Online Business Registration,Ministry of Health,1945,75.45,2022,April
Nyanza,Irembo Services,Rwanda Revenue Authority,366,78.5,2023,May
Nyamagabe,Digital Health Records,Immigration Department,2447,75.45,2022,September
Rwamagana,Online Business Registration,Immigration Department,2447,79.7,2022,Unknown
Rwamagana,E-Visa Service,Immigration Department,3194,75.45,2024,February
Rwamagana,Digital Health Records,Immigration Department,2447,75.45,2021,December
Nyarugenge,Irembo Services,Immigration Department,2447,91.5,2021,January
Gakenke,E-Visa Service,Rwanda Revenue Authority,2447,75.45,2024,Unknown
Nyagatare,eTax Portal,National Land Authority,2447,84.9,2023,April
Kayonza,E-Visa Service,Ministry of Health,2447,75.45,2024,October
Rubavu,eTax Portal,National Land Authority,4256,75.45,2022,Unknown
Nyagatare,E-Visa Service,National Land Authority,2480,75.45,2021,June
Rulindo,Irembo Services,Immigration Department,2447,75.45,2024,July
Rusizi,Land Registration Portal,Immigration Department,2447,62.4,2023,June
Rulindo,Land Registration Portal,Rwanda Revenue Authority,2447,72.9,2024,Unknown
Rusizi,eTax Portal,Ministry of Health,2447,75.45,2021,Unknown
Gasabo,eTax Portal,Ministry of ICT,944,88.2,2024,March
Rulindo,Online Business Registration,National Land Authority,2447,74.9,2024,March
Ngoma,E-Visa Service,Ministry of ICT,4159,75.45,2021,April
Burera,E-Visa Service,Ministry of Health,2447,75.45,2022,October
Rwamagana,E-Visa Service,National Land Authority,3006,77.6,2022,June
Nyarugenge,E-Visa Service,Ministry of ICT,2447,75.45,2021,July
Rulindo,Online Business Registration,Ministry of ICT,2447,75.45,2024,December
